longitude,latitude,loss_year,canopy_pct,lc_class
-51.467884635804744,-8.627048177666932,2017,97,8
-53.177309645421865,-6.344794641868973,2018,100,2
-49.006291453949736,-4.754573679889534,2009,53,9
-54.99753795821812,-1.4162000112796445,2016,100,8
-56.75309937338723,-11.976875078879695,2004,97,10
-51.519652228649484,-3.4031741289001483,2008,99,8
-56.49148583162842,-5.7042716320392355,2020,100,2
-50.007621527548714,-9.640596328526106,2020,97,2
-51.25895910968539,-3.9230129991278075,2021,100,2
-55.495572818473235,-8.148896083497336,2006,86,9
-50.84802202702247,-4.1259734863383075,2002,100,2
-52.449358916448226,-3.377494360653784,2001,94,2
-51.305646089027235,-11.581587409875787,2016,64,9
-49.67124670585435,-2.3218450290411687,2017,80,8
-49.25680670908397,-2.7772509113418162,2009,98,2
-50.10803023761221,-3.3282594559376997,2019,100,2
-59.40004806322049,-10.512584324307952,2003,99,2
-53.92623769002433,-9.715040788480485,2017,99,2
-50.53152040803602,-8.549752848438082,2001,56,9
-50.44039561640685,-3.809561669637337,2015,100,8
-58.517251974499395,-10.71514280410575,2017,100,2
-55.12362515506586,-8.621041886063125,2004,52,2
-55.00029962043803,-4.90605334573848,2017,89,2
-54.828353621383926,-11.134266945957664,2015,49,2
-50.601592006696855,-10.171857121101533,2017,89,8
-49.45457772524643,-3.576043927596645,2002,70,9
-49.97895817413613,-7.493467577290782,2002,79,9
-49.804864163646066,-2.419840700655381,2016,83,2
-57.67854916921351,-10.234983497527512,2020,98,2
-51.74642625027241,-8.702875982759458,2012,99,8
-50.705767395381386,-7.405383892329946,2017,95,2
-58.41417144950177,-3.6320168215776985,2003,64,2
-53.112934836706586,-10.733406030376539,2016,83,2
-51.72618894715059,-9.742660297893623,2006,98,2
-49.27423820521628,-7.734192124832699,2003,42,9
-50.369440995236104,-5.245475979982122,2001,59,8
-58.94545774107563,-11.096299233079502,2015,65,9
-48.19684070090519,-1.5281882465967094,2001,97,2
-55.11976115361142,-11.498443833561794,2011,100,2
-55.40385617665176,-7.113946473973177,2011,7,8
-54.698827345459584,-3.2118621346276623,2017,100,2
-49.47399727913119,-3.160064558534462,2009,100,2
-55.50836384841419,-7.705641541957885,2014,100,2
-50.62095965412382,-9.249752420759716,2020,94,8
-48.955094923018194,-2.4000951418715566,2010,99,8
-55.397938524044754,-7.173017837229921,2006,97,2
-50.14847165246817,-9.599886998676643,2017,95,2
-50.11268583387446,-5.329218518253011,2002,78,8
-59.180146016067155,-9.357188370732459,2002,59,9
-49.85194619188543,-3.264172955968219,2006,89,8
-58.9067035045949,-9.626929812383887,2019,99,2
-52.085806241247354,-8.857813037656475,2018,100,2
-55.34495085752423,-1.7955290237920492,2004,94,2
-52.02657764409021,-10.56038233874562,2023,97,2
-49.876190949338046,-11.690772208960786,2018,57,9
-50.145994837021206,-2.125965825463475,2016,99,2
-57.9815094362031,-9.803149587634968,2008,100,9
-52.67616009455851,-6.448302571749859,2023,100,2
-59.7159508988923,-6.9363316264871635,2016,100,2
-59.25932386365423,-3.45987833369532,2016,100,2
-54.87486584406189,-10.2948630520067,2002,82,8
-51.28518718442047,-6.349628729504881,2014,29,9
-55.08025825065178,-7.167849501344343,2008,100,2
-51.86682506930165,-5.716294096613637,2004,99,2
-59.12905149536246,-6.86365979895671,2017,100,2
-53.5300922282447,-1.477803828812437,2016,100,9
-56.73303465235927,-11.493454231889137,2012,98,2
-52.61676318972634,-6.44746526135781,2018,100,8
-50.88805148526134,-4.747232795759589,2010,98,2
-48.66732379448919,-2.454064541578178,2009,99,2
-59.34083294085502,-9.402849759941754,2003,100,2
-51.3612331651665,-11.731535969186305,2014,29,10
-49.13026650596862,-4.691089526888853,2018,81,9
-55.99183546664589,-1.3573687291355896,2009,100,2
-58.137305194959076,-3.3247178351788653,2023,100,2
-55.87889574406937,-4.85243556080965,2011,100,2
-53.58589499387706,-9.882638082672019,2005,100,10
-50.77374516861951,-7.989847060423993,2022,10,2
-52.07191077736155,-10.770449441092358,2019,48,9
-59.26524544670036,-3.074364576653896,2016,92,9
-59.07312245048246,-10.975730047326541,2016,100,9
-53.34787011576804,-2.6515804104283496,2023,99,2
-58.829872496327816,-9.167962907799629,2005,100,2
-56.74605912839294,-10.69592024440751,2016,90,2
-48.12914627816609,-1.2692873372159945,2019,93,8
-52.312145486283754,-3.7238657164004856,2018,99,2
-52.17304291321928,-6.199590027732367,2005,99,2
-48.285176202659585,-1.650223269481709,2013,96,2
-56.237551433755584,-9.319151896923435,2021,37,9
-48.926618776049686,-4.0896782408285235,2007,53,9
-53.958019969502445,-11.392119988877349,2007,100,2
-53.35930781400575,-6.305541820141405,2004,99,2
-58.43914892571821,-10.443988961223441,2018,98,9
-48.58952830748107,-3.1390829438124714,2017,97,10
-52.9154280322816,-1.3526096632830789,2012,98,2
-49.17554948730007,-7.397539806208887,2015,0,9
-54.95394719871438,-9.779262624899268,2015,94,8
-52.89216794950062,-2.9020720697503295,2007,99,2
-51.08666690855148,-8.480613664375507,2002,98,9
-50.87979717108212,-8.055669584797815,2003,92,9
-50.718587948488356,-4.042217988523328,2021,82,8
-59.075464432550824,-3.6614445301184335,2011,56,11
-51.32296268157949,-6.7367227753040995,2016,5,9
-57.042491547982536,-3.2838165111738165,2008,98,2
-51.63374567582728,-6.328880775409165,2001,63,9
-59.439012713474334,-2.681541627924134,2018,100,2
-52.703127308193025,-3.1420353570228228,2003,94,2
-51.89607234848378,-8.729375776376383,2017,100,2
-49.213355616991265,-10.76173781921111,2021,45,9
-57.53679020854298,-9.387208631112767,2017,63,2
-51.556778464313965,-8.488529796807734,2005,98,2
-59.9278540036956,-1.9280338296923716,2016,100,2
-48.92627492542503,-5.853959529054747,2002,33,9
-59.638078661826064,-3.6110507119059205,2014,32,10
-51.65757514820744,-10.709175001613886,2020,59,9
-49.83083490748713,-4.95356753945675,2016,98,8
-52.07110044320909,-9.735613778200314,2017,89,2
-55.54079303561905,-8.092364565146477,2015,100,2
-53.95682244309082,-10.389824382436327,2004,100,2
-53.21125368171159,-10.437822523258003,2023,100,2
-59.2568050871059,-3.4111781866465902,2013,100,8
-50.96559758754526,-3.7905850751148273,2023,100,8
-53.69526477559457,-6.256746213808442,2022,100,2
-51.606342521532504,-10.019091654695096,2004,97,10
-50.97719123912959,-9.72928465523393,2002,31,9
-52.042071598152596,-3.836411883796306,2022,99,2
-52.64870285538512,-6.3899015360046,2018,99,2
-58.9028067450477,-9.43219012807872,2022,99,2
-51.88976096286683,-10.41307757123784,2003,96,2
-50.78931510284931,-8.975873776252689,2014,88,8
-51.84827794094534,-11.917989513722548,2004,97,10
-53.365352219762364,-6.578875894636853,2014,100,2
-55.129460711678036,-6.584854301259029,2012,100,2
-59.14969737449765,-10.586027152913907,2004,99,2
-56.65003829343513,-11.132153285486593,2023,79,2
-48.77671450081657,-8.822567599129481,2001,49,9
-49.67001109747511,-2.870616858714145,2019,96,2
-54.7980485739211,-4.483416194042313,2019,100,2
-54.44972887698565,-2.599422366835977,2017,95,9
-55.88888412682355,-6.872549016791043,2018,100,2
-49.169347337003636,-5.0849493417185885,2013,77,9
-57.205147220831265,-9.775078586662092,2005,88,9
-51.13057915351103,-8.675065397289181,2004,99,2
-55.045209603531966,-10.15780809148875,2005,36,10
-50.463904718898725,-2.19537446985036,2016,98,2
-49.96603540764564,-5.665812831127918,2007,96,9
-59.906571064386036,-7.069871641184946,2005,48,9
-51.41831528322979,-10.01291529009191,2003,100,2
-49.269246748031684,-8.160620392402498,2011,66,9
-48.156954652557864,-6.709850321314451,2017,93,2
-56.55849347993334,-10.898586879130825,2014,9,9
-53.19643107279121,-3.521761105134721,2004,97,2
-51.27907349355067,-5.952901627237689,2017,97,2
-49.96816143722122,-4.118286299795177,2020,97,8
-48.969137253210484,-3.345578013572515,2023,87,2
-55.00165215210514,-7.170153704706813,2016,100,2
-49.978580197272834,-7.769891029719658,2011,31,9
-51.92569832184051,-10.035660067690339,2013,32,10
-48.245336313214615,-6.369192760623441,2019,17,9
-51.61875266451648,-9.64644368180551,2017,97,9
-55.15570351221036,-11.733807461879827,2001,26,10
-57.77494533398692,-10.057308627910288,2019,53,9
-53.72531776415273,-6.04390966523341,2015,81,2
-57.07607812665328,-9.681167030455518,2022,100,8
-48.138407788820835,-4.208660829131264,2016,100,2
-48.46596972619494,-3.399688752112821,2005,94,2
-53.38707062430437,-8.696559891469501,2007,85,2
-50.48226022839345,-3.987485833165141,2005,99,9
-54.81709285603039,-9.772274785765987,2012,73,9
-53.891635717465626,-1.4700818562883518,2015,99,2
-52.15000270313206,-9.78248667950332,2021,37,2
-54.53005970647343,-3.2014130195303596,2021,99,2
-59.04180286713696,-11.086211454216777,2002,97,2
-54.645894748800735,-2.5282651297751575,2016,87,8
-51.37221226446673,-9.0179141147818,2009,97,2
-59.0332310785636,-9.908842924628066,2002,88,10
-54.95804650002321,-10.386936605995666,2001,94,10
-50.04530536901966,-8.663523029194712,2014,17,9
-48.853678801084634,-2.0766205007735934,2013,98,2
-57.78416838797352,-9.251124781902199,2022,99,2
-51.423134427522584,-9.446612192413852,2021,22,9
-59.1533327136098,-9.402215631632204,2014,41,9
-56.56928497224838,-11.360368826638059,2021,100,2
-50.34114656543147,-4.222575530040677,2006,96,9
-55.00426253204523,-1.420882050133124,2016,100,2
-55.76230206881336,-4.254379562695128,2016,49,8
-48.24887620757951,-4.667533693561476,2007,99,9
-52.28957452039657,-5.710930851767368,2020,100,2
-52.42198331378583,-7.1371370007068,2015,99,2
-51.834223966290764,-11.517479751232692,2019,84,2
-53.91911630439016,-11.09538321869276,2022,100,2
-50.57292357748656,-4.905397371175462,2008,96,9
-51.37030966813561,-11.4046776738321,2021,61,9
-54.94267697853822,-8.10435810288616,2007,100,2
-51.57451448712283,-11.629851190888543,2014,82,9
-59.95020756350426,-6.790304445396273,2017,100,2
-57.605697063888194,-10.347400141750015,2021,100,2
-49.634620117273634,-2.627338147381458,2017,99,2
-51.70825563758751,-9.04020230193948,2012,94,8
-50.59761345944292,-3.2817658831899017,2022,100,8
-55.130518880427694,-7.1204345218111005,2020,100,2
-49.49085936147647,-11.481315791596325,2004,49,9
-59.23323887128127,-10.526918565986636,2003,99,10
-50.96082859825174,-4.703697454573805,2010,100,2
-51.969446940100795,-11.735489954123734,2017,48,9
-59.09427636219929,-10.192931043634962,2021,100,8
-53.61284510859606,-6.559746970338022,2021,99,8
-48.63709384035688,-2.02838792993638,2019,90,8
-54.31076029741999,-11.000943927220103,2021,100,2
-51.45546338988265,-9.16590318316499,2015,93,9
-48.1285818247483,-6.0523978640488085,2022,55,9
-56.679970464328946,-6.6986718127877145,2015,100,2
-57.746666194160504,-6.019204738771051,2017,100,2
-56.628636286898825,-11.605572616674143,2003,99,10
-54.976746734866914,-3.0799202117198425,2016,99,2
-50.57823972172166,-3.265753545284488,2016,100,2
-53.63512675787441,-10.884103304644091,2022,100,2
-48.68536679223914,-8.627174391941475,2001,54,9
-50.15031179372487,-8.380271167862338,2017,81,9
-56.249527431325234,-9.275249736303651,2006,100,2
-55.068921334216746,-7.606648302732613,2020,100,8
-57.359908989366126,-9.670942532151654,2003,52,9
-49.67807612134497,-7.133083174101618,2003,34,9
-55.615799124858206,-11.280285528018494,2004,30,8
-58.630433522871456,-10.757481655752004,2012,82,9
-51.46576823730202,-9.111057777863609,2017,99,8
-51.084758534852135,-3.6213516322149157,2001,99,2
-56.94193057358486,-3.421030397355073,2013,99,2
-51.87825161487678,-3.8084169022750975,2021,99,2
-52.50421082729321,-3.6671907383901123,2010,99,8
-59.11321917625291,-9.109898557968336,2004,99,2
-55.27505702175384,-6.668017295605565,2006,98,2
-51.98733810489598,-8.134233983512901,2017,96,2
-50.172220932113035,-5.834556291996308,2018,90,2
-57.42920785281488,-9.327571935745887,2003,100,2
-48.88482241852822,-8.42725442425013,2001,41,9
-54.845297071166605,-11.643490680050698,2003,25,10
-59.66979169348577,-9.397549677395492,2010,100,10
-59.73529357627273,-3.429773822029935,2015,100,9
-48.80434207963118,-10.154281163175868,2017,78,9
-49.443196734353904,-3.9398888306145206,2010,100,2
-48.31292630191869,-4.8723816506846696,2021,68,9
-51.424366420237185,-3.0856012936549084,2017,52,9
-51.59393427771899,-5.691310716022864,2002,96,2
-55.49767506579594,-7.04202628995892,2012,91,9
-51.99400916561331,-11.473412844045582,2008,90,9
-59.23936768353599,-11.468029230808986,2007,100,4
-48.27671851531223,-4.287480675642729,2021,96,2
-54.85378264506571,-7.815331491751725,2012,100,2
-52.911048453058996,-3.0560905280499653,2021,100,2
-51.019274284974514,-3.2205876984392843,2019,99,8
-55.385963292698854,-11.711915335577874,2017,30,12
-57.02844125306598,-9.792590387121201,2021,100,2
-52.97521322680093,-5.968739612364581,2002,100,2
-48.05284828179703,-10.012972343974582,2006,67,9
-55.55715043723701,-9.91369791245948,2001,99,2
-58.107901746257575,-2.1964991451543328,2023,78,2
-50.57017810383977,-4.902478883348992,2005,85,2
-54.466266568125846,-2.8319501486935383,2019,100,2
-51.65811724929545,-3.1094747810863623,2005,39,9
-54.84061568755516,-2.64613158671952,2019,97,10
-56.387184207452464,-6.499819353795944,2011,100,2
-51.005711408953864,-3.361274521332629,2014,100,8
-57.16199304754178,-9.361413353691166,2006,68,8
-53.79667456553673,-1.2680478239874005,2019,94,2
-52.70555548164117,-6.653159970247423,2007,96,2
-57.88220984234697,-3.7824276965933374,2010,39,2
-57.491314541339726,-10.787193676942875,2010,98,2
-54.74755848622965,-8.539919596837663,2022,100,2
-55.726645909400204,-11.497582401791291,2006,96,2
-58.18152938848994,-10.380582153276382,2008,99,2
-57.78774566473721,-10.461843622480577,2005,47,9
-56.836599639285566,-3.1676689786871655,2014,79,2
-57.66723391429609,-5.873103372154108,2021,100,2
-50.62551288012728,-6.62886577286599,2016,99,2
-51.301309364477056,-11.551410214742793,2017,73,9
-59.21157877630058,-10.268992652924597,2008,96,9
-59.38199743304997,-4.036463547699619,2015,81,2
-52.216046879117144,-3.6078457278530776,2015,100,2
-52.31846183804441,-3.8200558656020056,2022,99,2
-51.88365998374505,-6.4927008491691725,2004,70,9
-52.23299373278002,-6.247616378746644,2002,96,2
-48.73077512919512,-1.0283713677763078,2022,75,9
-49.03628143721367,-3.915647690441498,2022,95,2
-48.96060540484888,-9.730488864215065,2007,77,9
-50.12333095692024,-3.624838256324785,2015,99,2
-57.104833658217935,-3.002509017658844,2017,27,8
-54.935309104250635,-3.120207310305239,2021,38,10
-51.83468603703981,-8.717419332269147,2017,98,2
-56.17667036982444,-4.8540631495847135,2013,100,2
-53.289253485976765,-6.398316138321021,2019,100,2
-51.58366439954685,-3.176890825840142,2004,99,9
-56.130066652847894,-6.616425712307873,2012,100,2
-51.940202804530514,-3.092920592314059,2016,45,9
-54.972098304915654,-2.7084060305526,2004,98,4
-50.15357869637507,-3.8749017730590496,2020,100,8
-56.241961594295894,-11.377913903307686,2002,79,9
-55.543970169993976,-10.055967925440216,2011,45,9
-56.89864864013333,-10.371342420473317,2002,100,2
-48.5453511245269,-9.526440997007647,2016,29,9
-51.19130657308273,-3.6115577351192685,2019,95,8
-49.22756232233187,-11.072293123094452,2016,52,10
-54.119031186705016,-1.4082778766391837,2007,59,9
-50.26778903759377,-7.36639797477993,2002,22,9
-51.63599469466617,-3.6981212183412224,2008,100,2
-49.85940484429125,-7.666297184248206,2005,53,9
-54.343829087275246,-11.33994943337724,2022,22,9
-52.80164340842945,-11.061528415020742,2003,83,9
-49.29194399022482,-7.2839411097160776,2007,76,9
-48.19629149902158,-2.71476954542673,2022,11,2
-48.33413810864897,-1.531617656297581,2023,99,2
-48.935434817770734,-3.9878707149825945,2016,100,2
-49.68693054833289,-7.909503159667159,2018,93,9
-50.85642488014277,-7.989989142889743,2004,86,2
-58.420627131445634,-6.496269582880601,2005,100,2
-55.37347644956034,-7.626282276670966,2012,100,2
-51.71465798586594,-9.99332988695262,2020,96,2
-55.765171157167565,-4.83768303728424,2019,99,2
-52.33107735076143,-11.122085005451163,2010,78,9
-48.233564130037365,-7.5055621371807675,2018,0,10
-54.501421341424475,-3.682591379790038,2014,100,2
-49.48639609710258,-7.680077419498323,2017,82,9
-55.19483601380753,-7.493932448251254,2018,100,2
-56.41343516465418,-10.130531954587278,2020,2,10
-50.50255272516209,-3.6151637977341666,2006,63,2
-51.24458110872041,-9.394437113885264,2001,74,2
-59.78771566767295,-7.292596697894917,2013,100,2
-54.16967771456383,-4.051577916583358,2011,100,2
-51.08816022243287,-8.713832310221864,2004,97,2
-48.85014673809366,-2.096901627970537,2018,96,2
-49.01540452306567,-11.804011340743237,2015,37,10
-48.017335205126315,-2.9741811945721603,2010,100,2
-56.781219243841186,-3.0193582493649207,2016,98,2
-59.660325916114815,-9.376782393398965,2015,100,2
-50.58326125119871,-10.42897711156813,2017,40,9
-54.10334553693157,-11.341556591504352,2018,98,2
-48.973632863025124,-4.216285878984022,2021,19,9
-52.67796859850612,-6.80449901918636,2020,100,2
-58.27779798009054,-3.4362935181739127,2016,99,2
-54.83434818939005,-7.794945689764732,2015,100,2
-50.546299016938846,-9.699548067464473,2017,91,2
-51.28264806357342,-8.586686382596508,2009,95,2
-58.85887429718457,-11.165633243067404,2001,99,2
-49.90640466685038,-7.569730370315697,2007,99,9
-52.23129179909781,-2.9297483725455167,2002,58,9
-52.70787753140008,-10.233146165779026,2017,100,2
-50.65998863523746,-2.1834209593484193,2017,98,8
-55.61819224491013,-4.508451909612039,2002,100,2
-56.50371997834012,-6.986298110377371,2019,85,2
-49.604142289967406,-3.0923712606421527,2016,100,2
-51.02428849243364,-6.430957642311523,2017,100,2
-51.66815911855805,-3.1032859605630856,2017,98,8
-49.85002831784895,-9.89516445275997,2017,26,9
-50.38482784722596,-9.28515943768192,2023,10,9
-48.709584624509866,-8.975127780153104,2017,18,9
-48.88347846513522,-7.039839107068751,2003,85,9
-57.43234679611836,-9.856741053295023,2002,88,2
-57.87614537513548,-9.577829714381048,2007,100,2
-50.043783138648266,-11.309127692133387,2012,65,9
-49.94196009827348,-2.3705336712549094,2013,98,2
-51.83704144393128,-9.602854215811552,2012,93,8
-57.982507184602504,-9.356243587272447,2005,58,9
-51.80125631563426,-9.666245594292196,2019,94,2
-50.10815412105323,-3.4151992980424626,2006,100,2
-51.91752295297977,-8.246967882350297,2022,65,2
-55.40004914628203,-4.064770156693182,2001,79,2
-50.6825483966652,-4.464219742868192,2010,89,8
-48.10314377957009,-2.627080727609949,2016,89,8
-55.50851812094437,-8.080490086279994,2015,99,2
-53.45001709694458,-5.654875038592128,2021,98,2
-53.648926176298,-3.779808726634733,2018,75,9
-54.00616409177663,-10.150957828893345,2012,100,8
-48.70413499280925,-4.710745525971388,2010,98,8
-49.224687761971644,-4.37652333687158,2007,95,9
-56.40285832766522,-11.163021480075916,2007,91,2
-49.52908079952627,-4.5697329947726395,2011,98,8
-50.94267654406038,-9.946588174500846,2002,94,2
-52.64427262245013,-7.020270067326627,2008,99,9
-48.27142037303551,-7.694307409051622,2010,31,9
-49.319027797427985,-11.513528369601689,2015,78,9
-51.71951092922338,-11.628714862220265,2007,86,8
-53.29407681303696,-9.717303161051804,2017,97,2
-48.5881026049514,-7.3636637060132095,2017,16,9
-48.135317393035955,-2.005138459976969,2013,89,8
-50.51921483956053,-3.952493354652011,2018,97,2
-59.27423616582459,-7.041697273727048,2022,100,4
-49.90424991785589,-5.844564590159967,2001,84,9
-54.89356901988364,-3.1365360462014427,2016,92,2
-49.56525367701277,-8.424560391736753,2017,92,2
-49.065537751744394,-2.9817375849157823,2013,100,8
-55.64708751300336,-9.792250782646724,2020,98,2
-58.323215245630166,-10.062415902495566,2017,100,2
-48.068513379722404,-2.3557953902055213,2016,96,2
-55.984593774210595,-3.9648206395870007,2021,100,2
-51.36630296055716,-9.0404026463426,2011,98,2
-49.98527038749158,-3.6021786762680863,2017,99,2
-51.344631479003155,-6.359316011046506,2019,18,9
-58.608002826722334,-10.580842680903336,2005,99,2
-51.109919571999605,-6.528642972803757,2017,77,9
-53.533652283880464,-3.8193525221832876,2020,91,8
-56.06735802409477,-3.1420346799051364,2006,100,2
-50.332917617912386,-8.100057933408438,2001,82,9
-51.64109612370036,-2.658617609153227,2022,99,2
-49.63710038522222,-4.393359039634435,2023,98,2
-51.27754673095202,-3.30436696637246,2009,100,2
-59.47422805291395,-9.95696891214957,2020,100,2
-49.74133295258267,-5.982338070148405,2001,49,9
-53.239765268591064,-6.146254984267134,2010,100,2
-51.609726403826706,-9.426548668325726,2022,22,9
-51.93689363564223,-5.903398699133653,2018,99,10
-57.64930275290133,-5.82305940991666,2008,99,9
-49.55972424694197,-7.488895666926909,2016,85,9
-51.754410820763454,-10.651375197427708,2002,52,9
-50.883682858901885,-8.853225631175928,2005,86,2
-50.4691485032031,-3.967613604903655,2004,100,8
-55.95569670099261,-11.382982645960412,2005,100,4
-51.3237778049541,-5.520247927961389,2011,85,10
-54.14455178265432,-11.411950419484507,2012,99,2
-49.91088472541412,-3.9497979709045383,2012,100,2
-55.22073021240895,-8.512125968105044,2004,100,2
-51.932242702773344,-6.3378960884093445,2010,69,9
-48.13157489115036,-2.5567642225664517,2016,99,2
-48.94733133233071,-4.597643993300895,2023,27,9
-50.07216850434645,-3.1434536553678223,2004,100,2
-49.980766261112,-3.773285138209129,2012,100,2
-49.30589949948444,-3.9979571964867264,2021,57,9
-58.1821129796251,-10.507431306603445,2018,98,2
-49.016573543466116,-2.90696049754866,2002,91,9
-59.67719814255235,-6.731444943591813,2022,100,2
-53.2591195087159,-6.471943016234264,2014,99,2
-59.273945392959554,-3.6424811954198058,2014,63,8
-54.600641339281985,-9.013375215075802,2011,92,2
-58.83478216959269,-10.735927400324066,2018,27,8
-49.524940839838365,-7.289525193663891,2001,36,9
-57.40219129111961,-11.419714061650575,2002,62,9
-48.82013711854375,-6.586037680847427,2016,71,9
-49.05649112618652,-5.967852783935687,2001,97,9
-57.76951070957697,-10.11676482292628,2022,100,2
-52.373180447017454,-6.453763063636255,2006,99,2
-54.374712784674344,-3.3136510246836397,2016,100,2
-54.02743215610431,-2.6788890714941163,2022,100,2
-59.46470316102826,-6.793397220239396,2023,78,2
-51.67723984633057,-8.762303063034752,2003,99,2
-49.91538992236628,-8.342823202309233,2022,41,10
-50.956626781647266,-8.328754747245235,2004,99,2
-50.80809346907474,-8.863284574546864,2005,99,2
-48.03274263845111,-1.8326027977762493,2001,89,8
-56.227605294453795,-10.857223330299858,2003,95,2
-56.316545994486205,-10.289881300733834,2022,0,2
-49.991432523629776,-9.629282769644023,2017,78,8
-53.7314209139139,-10.369581544528234,2022,100,2
-49.00503998896593,-4.758782791782384,2009,79,9
-49.64340735065659,-6.1397886337822065,2004,73,9
-54.29151580558059,-2.542834682751085,2016,98,2
-50.068687169266376,-6.4899559803963305,2003,83,2
-51.273883484084976,-3.559800695003068,2001,84,9
-53.362670020932406,-5.9450514720867496,2022,100,2
-49.09542496541447,-8.946340736014767,2023,12,9
-51.45559672199501,-9.583697495141644,2019,96,9
-52.2157946979632,-3.58656789158875,2014,99,8
-54.220542632163145,-2.013069233475392,2018,62,9
-51.29139442455192,-6.205896679152572,2010,48,9
-55.04019865165048,-8.537977471873551,2012,99,2
-50.59235495708179,-3.4637618745558783,2020,99,2
-55.307899491776126,-7.575460707307882,2018,100,9
-52.407873931391286,-10.86657186076532,2017,93,2
-50.14603098845947,-9.17052929229776,2007,57,9
-50.64714979766436,-9.844091855912618,2001,21,9
-48.28247064135895,-4.491021191597732,2007,38,9
-53.68196209494531,-6.1114553552031845,2014,97,2
-58.67484138245223,-9.75286215391493,2001,100,2
-57.26262881825348,-11.363177578707356,2001,75,9
-58.00704347972706,-5.938523109970074,2020,100,2
-48.586744508195636,-5.511752775633639,2013,47,9
-55.04962699351158,-4.250346499619979,2014,99,2
-52.847776318220674,-6.43067280710699,2019,100,2
-55.09693588358716,-11.68165363534131,2003,98,2
-51.51998589418608,-3.113823744368926,2005,98,2
-48.505022633747494,-5.297863660590864,2019,16,9
-54.035124324552235,-9.934809881688642,2016,97,2
-54.77756102356769,-1.659455511477679,2009,70,8
-50.85704698532489,-3.23460494287992,2022,100,2
-53.47068664268648,-10.612086052066791,2021,79,2
-58.00328953672809,-10.547766492425845,2010,99,8
-56.62969483978311,-10.544634161808606,2003,52,2
-58.701153983409,-9.80622269471484,2005,100,2
-51.248132905867706,-3.8903130329318074,2014,100,8
-49.55511477040049,-3.521578365039763,2005,49,9
-48.347388671555045,-2.301243214757846,2011,87,8
-49.824966033371645,-6.429849598083097,2016,41,9
-51.67999660021678,-3.7130528215626093,2018,99,2
-51.74094004007677,-12.044793002873055,2003,76,10
-57.22273521948913,-10.361860063390363,2004,100,2
-54.74080361055238,-8.51566917578584,2022,100,4
-48.580777393996634,-11.135672637198512,2019,0,9
-57.11324896644998,-8.152111009631136,2012,78,2
-54.734163657209486,-9.579044114185201,2004,82,10
-49.12038811530661,-3.097116769181587,2022,35,2
-52.62887683179021,-6.522486564691423,2006,100,2
-49.99381361911925,-2.264329907044158,2016,98,2
-59.84760597018917,-3.335930792200307,2012,100,2
-50.86011497389186,-4.034574571526146,2023,99,8
-50.65363561789732,-10.839184804254042,2007,86,9
-54.172705468136655,-1.0821416129089192,2023,100,2
-56.023603701957676,-1.4486175172178126,2004,100,2
-56.69535465223127,-2.714751843544369,2017,91,17
-48.801131880717634,-10.6780787569237,2007,25,9
-51.44722958555222,-3.4337004706871297,2021,100,8
-54.512692951710704,-9.758090039910353,2010,91,2
-48.01104470600383,-2.054129173769979,2016,55,10
-48.536911495172085,-5.6760851521730205,2022,0,9
-48.47625934994345,-4.600323880633934,2008,99,8
-51.58207285177121,-9.766509015639242,2003,98,4
-57.635610908286594,-11.012696504251615,2017,40,9
-51.89514330425095,-10.806899623298895,2002,37,9
-50.75477709572273,-3.663142941325219,2021,100,2
-58.342448410288085,-9.64550960752571,2001,98,2
-52.215521484944695,-10.075518445408296,2007,38,8
-52.4058511748026,-6.556679776186042,2008,99,2
-59.64718352989108,-4.518551385556606,2016,100,2
-48.040493897439205,-3.333563805892141,2021,26,2
-57.54078959545047,-9.264898105812868,2014,99,2
-49.124830591718734,-10.005609125382879,2016,45,9
-59.16729201675238,-10.265169316540067,2003,57,2
-52.1600842155261,-10.771697094350339,2001,92,2
-54.34449575229367,-2.838472639031596,2021,94,8
-51.46672733498992,-9.354400176790946,2018,5,9
-51.716896736838756,-6.169543528055687,2017,96,2
-50.398559105198366,-9.121785095767986,2023,13,9
-52.97030464405003,-3.0988708265284504,2003,100,2
-52.19695793049017,-10.219066978453043,2023,87,2
-52.14800589837691,-3.339890043756225,2012,98,8
-51.295522773564514,-8.500381017237714,2017,91,2
-54.505093431164525,-2.178015414475353,2016,79,9
-53.904903071132246,-11.882031460535416,2021,100,2
-49.23920391710251,-2.6285525633615774,2011,98,8
-48.19815083050831,-1.907075728502374,2002,99,2
-55.92944571459129,-4.443972346493745,2006,100,2
-53.578710441116364,-4.12013225774823,2018,99,2
-48.098864679931026,-9.174902880050874,2004,25,9
-49.19190022653826,-4.934468759812257,2003,60,9
-49.864407205452686,-3.22949596934292,2017,54,2
-56.60596704861142,-3.216861118856686,2016,100,2
-50.26960919053187,-7.353525315022481,2006,97,2
-59.55427341681553,-7.267015829242333,2016,100,2
-48.722149645157344,-6.955561126563625,2021,31,9
-53.270248475230254,-9.981372822078912,2022,99,2
-48.95652261258909,-5.473923682178809,2005,98,8
-54.13148583374297,-10.347035374741171,2008,85,8
-54.151858281260886,-11.135450116156083,2013,100,2
-56.74024561782549,-6.622994427702951,2016,100,2
-54.907942620002174,-12.018497295447128,2019,100,2
-48.041727735882915,-8.95477424972407,2018,72,10
-49.391276728681014,-8.956466107734839,2017,67,2
-57.63205340755777,-10.611224954787938,2022,95,2
-57.14334664230769,-2.8323765109535737,2009,75,2
-55.46778338619558,-10.162892377175973,2004,92,2
-49.948187192931634,-4.210941975854936,2004,69,9
-55.729234685698984,-2.861662335470001,2016,100,2
-48.982105543900175,-9.949259095311882,2015,44,9
-54.76992886693058,-10.707732811287832,2002,97,2
-53.9744794670183,-10.58563224728725,2006,100,2
-54.65917729119997,-10.43568377793849,2015,82,8
-51.928177577465355,-8.277010062182123,2022,35,9
-50.60606431512072,-9.99896819505912,2017,59,9
-57.49040895967564,-2.963831154291263,2016,99,2
-55.821547764418945,-4.509395023728228,2020,94,10
-59.890755837901885,-9.861340236191758,2001,100,2
-50.32485244324175,-8.566652546612321,2022,8,9
-51.33701054574388,-11.63440781181043,2009,6,9
-49.11829587716855,-4.974192955837687,2014,52,9
-50.768900747751196,-5.024180568490961,2019,96,10
-51.276997571047296,-8.557087045822342,2015,95,9
-55.06858934823584,-6.806565205595762,2012,98,2
-50.60579453640233,-3.8067498234423027,2002,78,8
-53.61109239545617,-9.77265383751692,2001,100,2
-48.02328143561327,-5.6413330895137825,2012,82,9
-56.30195956942263,-5.022233482360127,2008,100,2
-56.99587056685038,-3.3258298932406376,2016,100,2
-57.947578411176075,-11.937631093927715,2004,100,4
-52.541127328141876,-2.9980669151832893,2009,99,8
-54.14394365237185,-2.849677764614163,2016,100,2
-49.85695473320751,-7.397272842481498,2015,74,9
-52.181651830365745,-5.924610233113613,2004,97,2
-54.20395296070804,-3.4239812669130005,2023,100,2
-54.75019074729647,-9.570515788794474,2005,99,2
-48.92774460432863,-3.255148018324562,2005,100,2
-54.61377107522272,-4.166244938634127,2018,100,2
-50.864997839902195,-10.447226551232788,2002,100,2
-55.15842351765788,-1.7180517402924067,2013,100,2
-51.206029378307505,-1.7676330740894235,2014,97,2
-54.59180731086775,-11.680835668254517,2022,100,2
-52.95106532841596,-6.648112879178619,2023,96,2
-58.4396425234412,-10.326298582721737,2008,100,2
-48.02724157092673,-6.234367967501443,2020,92,9
-56.00816327476179,-11.455251838371328,2001,97,2
-48.270617823149735,-6.269558796030874,2016,67,9
-48.110816803027895,-1.6362904448632394,2003,93,2
-56.38425091940244,-4.263609686206585,2014,99,2
-49.16453032777374,-5.820349832905858,2017,47,9
-51.05978320837921,-8.428941884520606,2002,95,2
-55.309686775214296,-6.564345686915419,2016,100,2
-52.2234979064554,-10.360980325394165,2014,43,12
-52.018509464075116,-3.15908829081001,2005,89,9
-48.658461233137295,-2.9413547082750453,2014,10,10
-55.30249141379915,-7.94667621011639,2022,98,2
-53.45427388857129,-3.592912813962778,2008,99,2
-56.069050670139134,-5.144629096637614,2021,99,2
-55.07310586181861,-8.049970307598699,2011,99,2
-55.60785547799165,-11.926985441912601,2004,48,12
-54.217644751772006,-2.9457559846175405,2016,100,2
-48.688643535748575,-1.874827417982681,2002,95,2
-51.67928816809816,-5.840646068709088,2004,95,2
-55.22907742221057,-2.4990187139840105,2001,96,2
-56.811809532269706,-10.165782408195787,2008,99,9
-52.3450607981792,-11.109708118521732,2016,33,9
-59.333059326257555,-3.3416630543275794,2016,89,2
-55.502460564774836,-7.668192152204413,2012,100,2
-50.04524797274649,-3.532707931600766,2020,95,9
-57.80821647574673,-9.680681382530986,2005,97,10
-49.06663052775563,-4.401654093455493,2019,27,9
-51.847624701911485,-6.564255562091598,2008,98,2
-55.39666691587073,-7.911534437147286,2004,100,2
-56.04046196457107,-4.375929206497754,2021,26,8
-51.38926159130187,-10.67960224109299,2012,0,10
-51.11640105518101,-8.332609467978164,2016,11,9
-55.121087889760304,-7.700647297036632,2008,100,2
-49.77900882438264,-4.088523965542053,2002,45,9
-55.307932405034634,-4.187795201116673,2017,35,10
-50.582987588309145,-6.8698627949753135,2004,38,9
-54.46308665551811,-1.7327594286432526,2002,97,8
-53.989740695740096,-1.8165747999932258,2016,93,8
-57.944762305337676,-9.790258028303633,2007,99,8
-51.46401439163634,-8.563720985667894,2005,88,2
-51.748665749294446,-6.920318677237287,2017,100,2
-54.58827365780006,-4.411740427806703,2016,100,2
-54.864336600905965,-2.652024220817729,2011,92,10
-53.3756210149916,-6.569405118718625,2017,100,10
-48.27337570482867,-1.039488154993331,2017,87,8
-55.69127175060802,-1.4639552543467662,2005,100,2
-54.74347797042251,-8.787308289590221,2004,72,8
-54.0841239357576,-11.379357121895433,2023,6,9
-53.42692889567634,-6.33129275284872,2016,100,2
-56.49088467956447,-6.752027684709168,2013,100,2
-51.73490146709975,-6.384785645620537,2021,78,9
-49.37511273861418,-7.965899470479528,2021,18,9
-56.40457297015937,-12.021442225420708,2002,100,4
-49.59836657619868,-11.625222850428978,2022,24,9
-51.866835821740295,-6.560358596067359,2003,90,2
-54.82516132707827,-8.201923768930097,2008,100,9
-57.92255926499637,-10.995340380353857,2004,99,9
-59.85639004903516,-3.4063410278268695,2013,100,2
-50.4779964303875,-4.037620253028114,2010,100,9
-55.846980678875525,-4.424344906816024,2017,100,2
-48.52310185171257,-4.475772721451854,2006,100,2
-54.817800194502276,-2.7959529793149533,2003,93,10
-54.79990921382376,-7.9235007305071985,2011,100,2
-54.11808741952788,-9.775457347725295,2022,100,2
-49.228589248321704,-2.3197759153892674,2009,87,2
-52.531485780552124,-3.0328192956726308,2010,99,8
-52.033686319242854,-1.971784370130072,2019,97,2
-55.07530806730916,-11.59567115198422,2021,100,2
-54.578952515031624,-2.6321350787884454,2020,98,10
-55.354619044700435,-7.991010349759841,2004,100,4
-49.55738333060139,-7.36337400104737,2023,41,9
-51.357136663367285,-3.404258367794634,2018,100,2
-54.19054975500012,-9.900747591068674,2017,99,2
-54.7814372422513,-8.516345167227534,2004,100,4
-55.15625128434797,-6.8776505022676515,2004,99,4
-59.34811954210205,-9.36352098040657,2011,100,2
-55.898743643677214,-4.851477348889239,2009,100,8
-49.270185312575606,-11.268379727000532,2001,29,9
-51.78627620674765,-6.512341438561869,2020,95,8
-51.10407701243363,-3.5230430561159767,2017,82,9
-50.695565765383506,-8.784812267969885,2002,91,9
-51.05978721307778,-10.27389468267408,2003,75,9
-53.41589083305037,-3.255676218000798,2021,100,2
-57.13652226370946,-11.897668643181744,2020,100,2
-50.25306763974483,-10.953148937974346,2017,98,9
-54.72231174439214,-7.682199682407067,2015,100,2
-53.651355514631064,-11.687414532930317,2017,100,2
-59.587939298640535,-7.140567528305765,2006,72,2
-49.017777322241464,-6.380804026414039,2002,35,9
-49.66553459708811,-3.8891524991218107,2017,56,9
-48.36289264478592,-5.72647956288757,2013,73,9
-49.76190122662966,-5.301077200549666,2005,54,9
-49.005921455391054,-4.9511493260606585,2004,91,2
-48.707862858526916,-6.304535604621114,2021,41,9
-49.5008867254764,-2.8018127484855895,2014,8,8
-49.22629720058585,-4.142133084532732,2010,100,8
-50.70760892961409,-5.439002558442947,2022,96,8
-56.664065687460266,-2.872462239037828,2016,100,2
-54.024602534863064,-3.94695190127679,2007,99,2
-48.980606277894005,-2.7061617568091836,2007,99,8
-50.080427357370844,-7.472720183752749,2020,26,9
-51.49422709038527,-9.508274202391647,2003,98,2
-49.960718312784856,-11.35391365064421,2018,25,9
-51.39217008158818,-8.892979654297323,2006,100,2
-55.55488758099547,-11.231925996121115,2015,96,2
-55.39404955541452,-1.7824969021929826,2006,62,8
-55.64856664380973,-7.683329155543032,2010,100,2
-56.353623608255155,-2.3771836207979478,2022,88,8
-48.004177079952804,-3.9403007155842817,2020,53,9
-50.76965272678132,-10.169805859565336,2017,95,2
-49.807533644851695,-4.169037147039771,2006,44,17
-51.019557512065525,-8.335458372029732,2003,99,2
-53.891340440181175,-3.726847550149849,2001,81,9
-48.24259957212757,-2.0475455634715742,2001,98,2
-49.5387975539493,-4.533971901518306,2023,80,11
-52.26272081002562,-6.869102987290554,2001,93,8
-54.119134433055876,-11.321483758631283,2008,100,10
-55.47977335990845,-11.593695660427612,2002,12,10
-53.79513718421941,-11.27806003633803,2016,89,2
-48.94035554353764,-10.54319900361823,2018,16,9
-58.52145255570724,-11.520014964083167,2001,95,9
-59.05576713849375,-9.488719629829204,2006,100,9
-52.230578250311964,-10.062008233893616,2010,53,9
-50.08993982324954,-5.2207004773223336,2011,98,2
-49.04715414700113,-4.183186148561995,2017,81,9
-59.01379252254768,-4.126070276122442,2023,66,2
-48.19075218803861,-10.756838285139013,2020,53,9
-54.51610459821896,-9.690381650386225,2004,93,2
-55.19806950483765,-1.8421212351656207,2020,50,9
-51.05420097010541,-10.441441542501144,2003,33,9
-54.20274904160192,-2.9344414675687696,2016,100,2
-48.77607861037424,-9.294015758182283,2017,91,9
-52.7866890668468,-3.447429290152293,2017,81,8
-57.93786181558875,-10.407405869387363,2004,94,2
-48.30034637286716,-11.953911360832718,2004,55,9
-55.12099361806359,-7.304774721871434,2007,23,9
-50.66507477284778,-7.101553678996535,2018,19,9
-53.47480301413075,-5.702039005949594,2022,100,2
-48.80876787623719,-5.689572009669391,2007,45,9
-49.10357728932587,-3.384491765992547,2018,45,8
-54.92092100750549,-11.61382171624443,2010,84,2
-57.01482623207619,-9.502873049626508,2006,98,10
-59.2733579604975,-3.7409752799192435,2016,78,2
-50.92145018759979,-7.037030063336713,2017,95,2
-48.43290660304935,-2.7136208756335285,2001,90,10
-58.04837943097356,-11.892190037643852,2010,100,2
-55.92599789300143,-10.463785178450264,2001,56,10
-48.42998889669361,-5.7682498268156275,2014,1,9
-52.12071303313768,-6.24194739450956,2008,67,9
-55.01931573949111,-4.248292531120078,2017,96,8
-48.17426104172647,-5.408966390902373,2017,94,8
-48.30323213965436,-5.099099767143843,2023,45,8
-51.5155507956751,-9.573898849398073,2017,98,10
-51.01236579104643,-7.058720602014309,2017,97,2
-51.29661672657527,-6.640648814187375,2012,25,9
-49.93702629021597,-9.973714544157565,2016,0,10
-55.2140531976964,-8.327532275011492,2017,98,2
-49.44736460658515,-7.384192730651138,2017,31,9
-50.27576364620345,-4.227710286013438,2004,84,9
-51.67286689377103,-10.362599890768266,2006,57,9
-50.56704595984969,-4.263078335351629,2019,96,2
-55.3667874682264,-8.041468375987947,2004,100,10
-57.291791597999165,-10.559324165005211,2021,100,2
-54.52349230855511,-3.717496443855325,2022,99,2
-53.67401778059821,-1.4533507830642352,2022,19,9
-50.633482983960576,-7.754864110919568,2002,48,9
-54.03507190767408,-2.272455993808859,2007,92,9
-54.78622371126647,-9.460713904383777,2010,58,8
-48.164602447979064,-8.724018400588502,2018,0,10
-48.783472615022134,-1.989567174566731,2006,99,2
-48.88615407681033,-11.46097641323053,2014,74,9
-50.546602746506764,-3.39069172945286,2021,100,2
-57.62425254061716,-9.543906475883043,2007,88,9
-55.90294762709706,-6.276350583179589,2009,100,2
-52.12780442253267,-3.4670370285932,2005,99,2
-50.289922102174685,-8.764121970121744,2017,85,2
-58.54064763855843,-11.288210932320386,2010,27,9
-48.32006945415187,-1.8295802259404808,2013,99,8
-56.594180027489976,-7.3203383526294035,2016,100,2
-50.4411403565202,-3.481927247854835,2011,100,2
-49.01028623663954,-6.483453482191647,2005,60,9
-51.92087154284405,-6.006863705102107,2018,99,2
-48.83065907855304,-4.817219120409782,2011,89,9
-56.125235221027175,-10.536267974546691,2003,75,10
-55.88809342263041,-1.7275975749579842,2019,53,9
-49.909367138713684,-6.854947986268125,2012,49,9
-53.99445338989589,-10.876325070884189,2019,100,2
-52.638440398486324,-2.0080682176264975,2022,90,8
-54.052265077831905,-11.862066666326944,2019,100,2
-49.533276175699584,-8.68991778887401,2017,97,9
-51.43502995091658,-3.664587595524896,2013,100,2
-53.83632203306727,-3.757248224680342,2015,76,9
-52.545086562414056,-6.864041541190077,2020,96,2
-54.12900173844513,-3.0606004117318064,2016,100,2
-52.89487523600568,-11.173286447546753,2017,100,2
-57.34990621602964,-11.125150436794687,2020,54,9
-58.03501902841405,-10.444161559261438,2012,83,8
-55.78224594275273,-4.033262518498376,2010,56,9
-58.348915365162846,-9.63773684938263,2001,100,2
-57.61305585275397,-10.534194614738563,2004,100,10
-56.91112241191684,-9.510179206527496,2001,73,10
-49.43391619795112,-11.749513112946248,2016,50,9
-58.80963060461225,-10.57261847415049,2013,67,9
-54.62054899150934,-3.945178275767501,2004,16,10
-58.87116395739119,-10.715657590249121,2003,100,2
-49.59982953818078,-6.080504163908639,2001,11,10
-49.90474736643288,-5.031499690168535,2015,99,8
-50.42195801974178,-4.067324859517882,2005,96,2
-58.88858775065617,-9.500401859752433,2013,100,2
-49.101557903842576,-5.866104393212141,2015,64,9
-55.9982016220389,-4.511917897716599,2016,99,2
-59.250092116646485,-6.914902680716875,2017,100,2
-54.410393926090066,-3.5271974308553533,2017,100,2
-51.17460876152595,-9.90333003155611,2017,24,9
-50.559619696848976,-4.7035531585585755,2020,98,8
-50.044389256795434,-3.3627048477785464,2009,100,2
-57.35922798839177,-8.982188160874719,2021,100,2
-52.16330578384708,-9.885733770810454,2020,91,9
-49.245025029972,-5.653889516524926,2023,78,9
-58.68938818412179,-11.159647361256448,2003,30,9
-57.66554015988623,-10.627563005305815,2010,99,8
-59.06244989022529,-10.902160308711345,2018,5,10
-50.990104552012276,-4.087534909632009,2005,100,2
-51.232036586691486,-3.8178736954584447,2014,99,2
-49.920465762211194,-2.5703733784154386,2016,98,2
-53.58454374960934,-9.615639560991388,2019,96,2
-55.009977775166625,-11.748731410656536,2009,100,9
-49.22391188216519,-3.207860158591296,2016,99,2
-54.800359309547076,-3.763982489558802,2020,89,2
-48.531617650259044,-10.045232918372067,2004,50,9
-49.0347911063634,-11.163512876965001,2023,24,9
-50.89710343158558,-8.853417721587453,2005,90,9
-48.050050922231684,-7.2243763864317625,2023,56,10
-50.35864048370464,-9.019447998503816,2017,89,9
-51.32984049634521,-11.78333655677784,2004,9,9
-55.074114361419845,-4.208466255523136,2002,98,2
-48.98584655666566,-9.606174803918663,2014,60,9
-59.003324420049566,-9.802450194023205,2002,99,2
-52.17696254437321,-10.621262018763105,2022,82,10
-55.19549229734009,-8.036521306262514,2022,100,2
-50.16116980644815,-2.5562384473238215,2013,99,2
-56.94795413991949,-7.151999215270723,2018,100,2
-50.91551378661313,-3.9199239508064787,2003,79,2
-54.602274152767805,-1.8685267443169795,2018,32,9
-50.709477134540876,-7.973936572419137,2023,17,2
-58.895152015964186,-9.622839389056855,2008,99,2
-52.15162193032913,-10.007921517758252,2017,82,2
-55.595978384794066,-10.147342464898275,2010,93,9
-53.0873082507311,-1.6085201082448173,2017,13,9
-54.85044988279061,-1.5645224713474257,2001,52,9
-55.516091299822975,-7.313112704509501,2016,100,2
-57.51946528554486,-11.784851121981243,2001,99,2
-49.791216392463795,-9.740440151651399,2016,30,10
-51.409100671261626,-11.704392455553647,2016,61,9
-54.216333535269904,-3.5765170463814964,2023,99,2
-51.57109207972226,-10.31699093296575,2001,78,8
-48.40402692360909,-1.73868387809477,2019,98,2
-54.81552305421006,-11.234116407895891,2022,100,2
-57.67829560346431,-10.384720038487428,2016,100,2
-51.48547877866949,-6.230550218487519,2014,19,9
-51.306098896925796,-5.59295408040399,2018,97,2
-48.727154359260425,-9.286811785155624,2007,47,9
-54.92029113249391,-11.326927994879755,2019,100,2
-55.52007465038531,-7.5805751802934,2013,100,2
-50.794397574789336,-5.207076212536597,2001,56,2
-51.700863448038945,-10.173947568613599,2017,92,2
-55.34620150209414,-7.342801863533937,2012,100,2
-50.8567153193229,-7.22240726074818,2007,98,2
-48.517162245633386,-6.605765272120666,2012,80,9
-55.579986860281366,-6.9113456809076155,2019,100,2
-51.11423043595848,-3.274230631310296,2020,100,9
-50.973580014724064,-4.777770311077007,2007,99,2
-55.42516113166911,-1.8152592108891696,2013,84,8
-48.715317351055425,-5.80987134837209,2013,88,9
-51.64554387848124,-10.290393874574482,2001,78,9
-53.32132109025612,-6.365463321772425,2019,100,2
-50.614395865696416,-7.688549801346107,2003,63,9
-52.18983134426319,-3.4464668505974467,2008,97,8
-51.61044681434802,-3.4197248098664743,2008,100,8
-54.73737546314206,-4.16022651811091,2016,88,8
-55.7858998549357,-7.006975141166421,2019,100,2
-54.389444592990635,-10.042817003756946,2012,89,9
-55.650862600952706,-11.275075532953917,2013,93,2
-54.96263089906415,-2.2204133431045388,2005,100,2
-50.15745933628301,-4.365215235374214,2002,97,2
-59.73722179509193,-7.178909484763581,2016,100,2
-55.449441434416634,-7.669905681946911,2021,100,9
-57.24676600453919,-9.59099712433007,2015,51,9
-55.82323100481164,-11.302848362972707,2004,96,2
-57.2041390216995,-9.78402685920368,2004,75,9
-49.604454639127795,-7.375039361622133,2023,38,10
-54.00004521197378,-1.3625143016852292,2022,22,8
-53.28933846855603,-10.911170935026236,2022,100,2
-51.43744769022837,-6.627954397040143,2020,84,8
-51.93571208929131,-11.274750041399992,2014,54,9
-55.33639520340081,-3.6877295603662112,2016,100,2
-52.721182304633146,-11.315348511961561,2019,93,10
-50.49094284247352,-3.566083382749935,2012,100,2
-55.356704597305644,-11.496124059817634,2019,53,8
-51.01804996378951,-10.628235663921465,2002,56,9
-56.6443356608963,-10.657857446515315,2012,100,2
-49.04002816478329,-3.461677339638174,2005,40,10
-59.40127187540975,-9.52478205990925,2005,100,2
-48.36594763688476,-8.631760321955557,2017,51,9
-53.55767895083199,-10.056426635092967,2006,100,10
-59.02915593075439,-10.33836059199294,2005,100,9
-52.91183025492646,-7.1230873374070365,2020,97,2
-58.06481975764924,-10.475975420858042,2003,100,2
-49.685714862180276,-6.945096434098917,2021,4,9
-52.11263485544591,-10.857658142583853,2002,52,8
-51.64916109431835,-6.20419932999212,2007,98,2
-49.35100002782035,-10.91428841239929,2007,34,9
-48.75373321678135,-2.018655849224611,2016,97,2
-52.5804569605529,-2.697693683511212,2001,99,2
-48.01436420622842,-7.219331597518875,2006,24,9
-53.56338131239523,-5.626842868816766,2022,99,2
-54.02501685254754,-11.358717874095893,2018,98,2
-52.56979296640393,-6.411386305468896,2020,99,8
-57.50734416100449,-9.898262654312331,2018,100,2
-59.6049874481834,-9.217985329227327,2022,100,2
-48.01132903774019,-2.0125684386592866,2023,92,8
-55.732176527365674,-11.153671588367807,2004,56,10
-59.96133997166967,-3.5385004241790967,2012,99,2
-59.49796957521849,-7.232583561020164,2022,93,9
-53.97198924474827,-3.8459596001645386,2001,99,2
-53.829254623601486,-5.8160220535579565,2015,100,2
-56.02066005333665,-9.500567552861959,2011,99,2
-51.36145071814466,-3.17648963626974,2018,99,2
-48.117059029774516,-9.810081027753405,2020,67,9
-59.30126384999605,-9.366527098097007,2003,99,2
-54.48997649899914,-10.749457363428299,2006,33,9
-48.17247935051167,-10.514516390083303,2003,31,9
-48.25748155846834,-11.133041689137398,2002,35,9
-51.45983643745383,-6.414293832021787,2015,40,9
-48.82338767772776,-10.600813226914557,2003,39,9
-52.23959659035904,-3.4736213521032298,2010,79,9
-58.20328700090123,-3.2132582756936876,2013,95,6
-48.45885665618995,-9.43133805621199,2021,58,9
-52.526633294259625,-2.2633105016919313,2011,100,8
-48.382926833863145,-5.279068029937223,2002,71,9
-55.4518269933547,-3.702968187972762,2023,100,2
-54.57378081116495,-3.6167747519557856,2021,98,2
-55.73885000094526,-1.6306902379280543,2023,1,9
-51.15000833394797,-6.809503658120791,2020,54,9
-50.20854967210691,-3.1606723425552574,2023,100,2
-56.06661600678223,-5.106146980315992,2017,100,10
-53.726990035521695,-2.229444055960231,2018,98,2
-58.857463537181054,-6.590245308952281,2022,100,2
-54.9596188823131,-7.9314902971429655,2020,100,2
-55.033417401238076,-1.6942137820907515,2007,100,2
-48.45520023598416,-2.622508349182789,2007,78,9
-58.52294786549685,-10.330951804374168,2003,74,2
-55.393388779042866,-9.706148982767843,2020,89,2
-48.91919878736167,-11.695887814428977,2014,39,10
-51.67261661648698,-9.140050410066994,2007,94,2
-51.54757723235204,-11.996348900053864,2007,95,2
-53.24718909394129,-10.816311623024328,2010,100,2
-57.66086206451539,-9.578818305968193,2016,98,2
-57.12784340680773,-7.244710774761212,2007,75,2
-50.482099141078535,-4.192258624713571,2010,99,8
-48.99538801662364,-2.057276276808884,2023,42,8
-51.78746659452596,-9.433820766962585,2017,90,9
-58.80293958084826,-3.0400921490245616,2014,96,8
-57.2970201822435,-10.412490258684764,2018,100,2
-53.928084193769934,-10.54271194749417,2002,99,2
-51.68421655612168,-5.761302583831174,2020,94,9
-55.73785962679577,-12.035203389402527,2003,30,12
-58.59195724444714,-3.5239442188203975,2015,99,2
-51.29536783257882,-6.022347464187937,2001,65,9
-50.548205052976066,-8.779436675896777,2001,42,9
-51.89705040420557,-2.593232478806586,2011,99,2
-55.150875019893206,-6.652029446371279,2004,99,2
-56.63898451632844,-9.76650024263891,2023,90,2
-57.52341842186765,-9.381176867548673,2020,89,9
-53.420622519893456,-10.473593487242855,2021,100,2
-52.53708244924611,-11.724304528785341,2022,100,2
-52.26391821056365,-6.019588440051314,2007,99,8
-53.56291110403384,-11.876242373074538,2016,98,2
-53.0902088477068,-11.88166171863144,2020,98,2
-49.64300068909903,-9.939418810091594,2015,46,9
-50.774566132016666,-4.5376212263407085,2007,95,2
-51.210960009411885,-9.450857512735743,2023,11,9
-57.0919079094999,-9.803889230862035,2004,92,2
-49.367551572922586,-8.64211491422355,2021,30,10
-58.3663571014381,-9.162252602977452,2022,100,2
-50.936889930543366,-10.451489192882145,2002,99,9
-51.71328684797143,-9.148256449219861,2004,79,2
-50.40997166186303,-3.7563795656275385,2006,80,9
-57.6349304697223,-10.215764726227512,2004,100,9
-54.78356561865442,-11.091965608648598,2020,91,2
-48.436108713585476,-11.365152265921859,2021,28,9
-52.10605407991152,-6.698412515939826,2012,94,8
-49.74293642870217,-4.839395064880967,2006,100,10
-49.90456906464237,-9.81600107245936,2005,92,8
-53.153531277299535,-6.181662346267908,2019,100,2
-54.99258777569334,-10.026595907833494,2012,44,9
-54.346141201874836,-11.405754526482568,2005,100,2
-49.633410546396476,-2.8530733157078383,2015,63,9
-57.784567640118716,-6.042951515780567,2014,100,2
-50.0648989574754,-8.786487598417354,2019,97,9
-54.775379836290526,-8.662563067624385,2005,96,10
-49.17918717088891,-2.3891984384192075,2018,83,2
-52.59596471106667,-1.3771018576051195,2015,57,8
-55.1616141001933,-8.627736049952674,2022,99,10
-55.28592336961932,-6.662368459308222,2019,100,9
-48.7502359931916,-5.65664390538187,2015,78,9
-49.62352230668206,-2.1449329513737334,2002,96,2
-48.24570590219735,-10.567510770160698,2004,35,9
-55.868670803191236,-10.179829752101773,2010,91,9
-55.49013088845003,-6.50852765161848,2013,100,2
-48.0770430523335,-2.47263452790748,2017,32,9
-53.998940960587205,-10.227982229702793,2010,95,2
-48.62128076161566,-7.4251219326860936,2017,54,8
-51.56374014262299,-10.112748991166864,2015,48,9
-49.29590244838547,-6.243146556545862,2001,56,9
-50.20516141510259,-5.527148977681637,2001,29,8
-50.9680684899865,-4.498716008723448,2002,89,2
-54.248356015800596,-1.6994746073608986,2009,93,8
-50.949828954189016,-3.7950270561665977,2017,100,8
-50.097603996180105,-3.682565568977643,2021,99,2
-49.73089864166217,-10.287915436918857,2019,86,8
-50.22083514171536,-9.385781109505562,2004,93,4
-50.736908828043305,-8.228038287003146,2004,31,9
-57.53155740517241,-5.717854881134147,2011,100,2
-56.85509305298621,-9.19724385564652,2012,100,2
-49.7953375405129,-5.65696180523986,2006,92,9
-51.59844912530295,-10.135102986763812,2008,89,2
-48.86218140732549,-5.685073102482811,2002,49,9
-51.787785740251664,-3.322146037355408,2016,34,8
-55.25166577497901,-7.610976958237327,2004,94,2
-51.88401026152234,-10.597871572562626,2003,86,9
-49.426146202794335,-6.4202222306479975,2003,51,9
-49.19572121259715,-11.79863327074863,2015,55,9
-53.42603106691211,-5.852654207872127,2002,100,2
-50.93156091953417,-5.306669923448088,2021,96,2
-50.87258987966905,-8.275376670251536,2019,92,8
-56.383853554760805,-10.910809078085528,2017,99,2
-52.343351583087994,-6.112565239605105,2004,77,2
-57.73045285348233,-11.658928334995508,2016,3,10
-49.116649999282245,-4.201608860750435,2017,44,9
-48.62055031969739,-11.472160139915282,2001,57,9
-48.42190636799542,-2.6911566407348624,2014,49,8
-55.160893682984636,-11.586658498829003,2003,98,9
-52.62363243918377,-6.589827926394783,2003,97,2
-54.16575942404909,-10.639654355274349,2020,100,2
-53.929886474128466,-9.759557088274448,2017,100,2
-58.75462887843647,-11.596496542543848,2013,91,10
-56.80125592481588,-10.288477255683397,2020,99,2
-56.74580548131508,-10.97353788475809,2022,91,2
-52.77182259608138,-7.730635739258769,2017,98,2
-48.36856799313279,-7.949725325535602,2013,23,9
-49.96615890941521,-11.539644838048146,2009,74,9
-48.99592822650575,-4.470394100835505,2017,74,9
-51.648456990431264,-6.414933241508288,2022,30,9
-50.007156277486736,-8.61924655417154,2004,84,8
-50.48680557572978,-3.5267808057203767,2019,31,9
-48.11409196686556,-2.3911162775426766,2008,50,8
-49.67788663791018,-4.248507146913196,2011,49,11
-58.2854523907412,-11.996765045818421,2012,100,10
-51.82836364802588,-11.825299814122447,2017,91,2
-50.39186274671565,-1.6649701561746453,2016,97,2
-59.15081470737187,-11.426501319828683,2005,94,2
-51.45571787671686,-7.986310552349431,2019,98,2
-53.96816021360905,-6.126295383399456,2022,100,2
-50.2472589109989,-3.246011405775208,2006,31,2
-56.90849234341028,-9.404162435101364,2017,98,2
-55.26905766095549,-7.0194773259850205,2007,81,8
-51.83492295577463,-9.877054988867187,2003,92,9
-57.89268014205676,-10.425322857370803,2008,96,2
-50.80706586810759,-4.516173461841445,2009,99,2
-56.74730823327603,-6.72698919207786,2022,100,2
-53.01449868699089,-6.489197013152965,2019,98,2
-52.02692401547258,-3.0648127646080896,2001,97,2
-50.05175778571701,-7.322549562061643,2021,10,9
-48.009232336660105,-6.7407524882087575,2015,52,9
-56.86022106548927,-9.498142278884208,2002,99,9
-55.85148991259329,-4.75835361960987,2020,99,2
-53.735240567995135,-1.4291252308741305,2023,72,8
-54.87751910649785,-6.413107186151905,2012,100,2
-52.145280683739074,-6.807913798050203,2017,94,8
-51.767193990293954,-2.845644036367262,2017,96,2
-55.924185204286054,-2.22730109071788,2017,98,8
-50.131217645231004,-4.150768780711477,2003,28,9
-48.42140288010051,-7.241970055067973,2001,38,9
-57.84408529652611,-9.126007238222932,2004,99,2
-53.588991570713496,-9.659821795470068,2019,99,2
-57.135424856507036,-10.905952912651374,2018,89,2
-49.03781220611066,-4.296207162784722,2015,65,9
-56.190482300057404,-11.627224118416098,2017,2,8
-54.852181107399254,-11.225475101087271,2022,100,2
-52.52492136774038,-11.141956783603831,2008,100,10
-56.085204645097996,-4.415825640654851,2012,99,8
-56.30959647095953,-11.295710587499638,2012,96,8
-58.26830812756033,-3.3912306630834665,2015,100,2
-49.344398811183375,-5.846437189971773,2005,98,9
-54.23638007113319,-4.140662775332317,2016,100,2
-50.0934397463927,-3.361977558822683,2017,100,2
-54.042169755357726,-9.875400075695284,2010,98,2
-50.40587692442203,-3.079586673280763,2021,92,2
-48.12677658305803,-1.2472743077130068,2013,73,8
-49.40647085281236,-8.944266677825603,2017,95,2
-59.73455481455133,-6.7856359316285335,2021,100,4
-54.8383657876145,-7.9566423995173015,2022,100,2
-58.42316081592975,-10.757721496401752,2012,97,9
-57.39816383041499,-10.860902710483883,2022,100,2
-50.57678134243203,-9.295797776506713,2005,95,9
-51.952498129992165,-11.518318538346586,2004,89,4
-53.15715513744227,-3.433216384468562,2015,89,8
-55.51454897018298,-7.591906904235819,2015,100,2
-50.62615936068628,-8.74212166046261,2006,93,9
-50.10206325936105,-6.4590195256716285,2009,46,2
-59.777895889943,-7.009053961122207,2022,100,2
-59.00014120897563,-6.744998576723816,2009,100,2
-56.59891416496117,-9.783704984707908,2016,99,2
-55.3742939861509,-1.8890951503724536,2006,91,8
-50.61344316766431,-3.952725969309181,2017,81,9
-50.39437300419084,-3.4565327730855153,2013,99,2
-50.12784581306189,-5.271376127865935,2015,98,9
-51.12503021530873,-8.741294470574609,2002,98,6
-58.98186726913357,-9.811649928689931,2021,100,2
-54.81059604005384,-1.8422216059916559,2002,97,9
-50.8336278463247,-7.461062400934349,2002,96,2
-53.19231285835162,-6.605273165667298,2022,100,2
-51.723455062694505,-6.022798793376774,2021,91,2
-55.84428975930421,-6.277561296017343,2009,100,2
-51.811410002512275,-11.498663692831672,2019,91,2
-48.960082602721904,-8.545601951588125,2023,14,10
